<?xml version="1.0"?>
<CIM CIMVERSION="2.3" DTDVERSION="2.2">
  <DECLARATION>
    <DECLGROUP.WITHNAME>
      <VALUE.NAMEDOBJECT>
        <INSTANCENAME CLASSNAME="SAP_SoftwareComponent">
          <KEYBINDING NAME="ElementTypeID">
            <KEYVALUE>0</KEYVALUE>
          </KEYBINDING>
          <KEYBINDING NAME="Name">
            <KEYVALUE>BPM_BEISPIEL_SC</KEYVALUE>
          </KEYBINDING>
          <KEYBINDING NAME="Vendor">
            <KEYVALUE>htwberlin.de.tr119</KEYVALUE>
          </KEYBINDING>
          <KEYBINDING NAME="Version">
            <KEYVALUE>1.0</KEYVALUE>
          </KEYBINDING>
        </INSTANCENAME>
        <INSTANCE CLASSNAME="SAP_SoftwareComponent">
          <PROPERTY NAME="Name" TYPE="string">
            <VALUE>BPM_BEISPIEL_SC</VALUE>
          </PROPERTY>
          <PROPERTY NAME="Vendor" TYPE="string">
            <VALUE>htwberlin.de.tr119</VALUE>
          </PROPERTY>
          <PROPERTY NAME="Version" TYPE="string">
            <VALUE>1.0</VALUE>
          </PROPERTY>
          <PROPERTY NAME="ElementTypeID" TYPE="string">
            <VALUE>0</VALUE>
          </PROPERTY>
          <PROPERTY NAME="GUID" TYPE="string">
            <VALUE>9a28da90-789f-11e5-9b11-f3118d2dc034</VALUE>
          </PROPERTY>
        </INSTANCE>
      </VALUE.NAMEDOBJECT>
    </DECLGROUP.WITHNAME>
  </DECLARATION>
</CIM>