<?xml version="1.0" encoding="UTF-8" standalone="no"?>
<mapping version="1.0">
<development-component component-type="J2EE" name="tr_119_product/bl/caf/ejbmodule" src-archive="htwberlin.de.tr119~tr_119_product~bl~caf~ejbmodule~ejbjar_srcarchive.zip" sub-type="EJBModule" type-vendor="sap.com" vendor="htwberlin.de.tr119">
<sourcefolder srcfolderpath="ejbModule">
<sourceelement path="tr119/de/htwberlin/tr_119_product/bl/caf/modeled/bonode/tr_119_order/tr_119_order/TR_119_OrderBeanImpl.java"/>
</sourcefolder>
<sourcefolder srcfolderpath="src">
<sourceelement path="tr119/de/htwberlin/tr_119_product/bl/caf/modeled/ObjectFactory.java"/>
<sourceelement path="tr119/de/htwberlin/tr_119_product/bl/caf/modeled/TR_119_Order.java"/>
<sourceelement path="tr119/de/htwberlin/tr_119_product/bl/caf/modeled/bonode/tr_119_order/tr_119_order/Create.java"/>
<sourceelement path="tr119/de/htwberlin/tr_119_product/bl/caf/modeled/bonode/tr_119_order/tr_119_order/CreateMultiple.java"/>
<sourceelement path="tr119/de/htwberlin/tr_119_product/bl/caf/modeled/bonode/tr_119_order/tr_119_order/CreateMultipleResponse.java"/>
<sourceelement path="tr119/de/htwberlin/tr_119_product/bl/caf/modeled/bonode/tr_119_order/tr_119_order/CreateResponse.java"/>
<sourceelement path="tr119/de/htwberlin/tr_119_product/bl/caf/modeled/bonode/tr_119_order/tr_119_order/Delete.java"/>
<sourceelement path="tr119/de/htwberlin/tr_119_product/bl/caf/modeled/bonode/tr_119_order/tr_119_order/DeleteMultiple.java"/>
<sourceelement path="tr119/de/htwberlin/tr_119_product/bl/caf/modeled/bonode/tr_119_order/tr_119_order/DeleteMultipleResponse.java"/>
<sourceelement path="tr119/de/htwberlin/tr_119_product/bl/caf/modeled/bonode/tr_119_order/tr_119_order/DeleteResponse.java"/>
<sourceelement path="tr119/de/htwberlin/tr_119_product/bl/caf/modeled/bonode/tr_119_order/tr_119_order/FindAll.java"/>
<sourceelement path="tr119/de/htwberlin/tr_119_product/bl/caf/modeled/bonode/tr_119_order/tr_119_order/FindAllResponse.java"/>
<sourceelement path="tr119/de/htwberlin/tr_119_product/bl/caf/modeled/bonode/tr_119_order/tr_119_order/FindByMultipleParameters.java"/>
<sourceelement path="tr119/de/htwberlin/tr_119_product/bl/caf/modeled/bonode/tr_119_order/tr_119_order/FindByMultipleParametersResponse.java"/>
<sourceelement path="tr119/de/htwberlin/tr_119_product/bl/caf/modeled/bonode/tr_119_order/tr_119_order/ObjectFactory.java"/>
<sourceelement path="tr119/de/htwberlin/tr_119_product/bl/caf/modeled/bonode/tr_119_order/tr_119_order/Read.java"/>
<sourceelement path="tr119/de/htwberlin/tr_119_product/bl/caf/modeled/bonode/tr_119_order/tr_119_order/ReadResponse.java"/>
<sourceelement path="tr119/de/htwberlin/tr_119_product/bl/caf/modeled/bonode/tr_119_order/tr_119_order/TR_119_OrderBO.java"/>
<sourceelement path="tr119/de/htwberlin/tr_119_product/bl/caf/modeled/bonode/tr_119_order/tr_119_order/TR_119_OrderBean.java"/>
<sourceelement path="tr119/de/htwberlin/tr_119_product/bl/caf/modeled/bonode/tr_119_order/tr_119_order/TR_119_OrderSEI.java"/>
<sourceelement path="tr119/de/htwberlin/tr_119_product/bl/caf/modeled/bonode/tr_119_order/tr_119_order/TR_119_OrderService.java"/>
<sourceelement path="tr119/de/htwberlin/tr_119_product/bl/caf/modeled/bonode/tr_119_order/tr_119_order/TR_119_OrderServiceLocal.java"/>
<sourceelement path="tr119/de/htwberlin/tr_119_product/bl/caf/modeled/bonode/tr_119_order/tr_119_order/Update.java"/>
<sourceelement path="tr119/de/htwberlin/tr_119_product/bl/caf/modeled/bonode/tr_119_order/tr_119_order/UpdateMultiple.java"/>
<sourceelement path="tr119/de/htwberlin/tr_119_product/bl/caf/modeled/bonode/tr_119_order/tr_119_order/UpdateMultipleResponse.java"/>
<sourceelement path="tr119/de/htwberlin/tr_119_product/bl/caf/modeled/bonode/tr_119_order/tr_119_order/UpdateResponse.java"/>
<sourceelement path="tr119/de/htwberlin/tr_119_product/bl/caf/modeled/bonode/tr_119_order/tr_119_order/package-info.java"/>
<sourceelement path="tr119/de/htwberlin/tr_119_product/bl/caf/modeled/package-info.java"/>
</sourcefolder>
</development-component>
<development-component component-type="J2EE" name="tr_119_product/bl/caf/ejbmodule" src-archive="htwberlin.de.tr119~tr_119_product~bl~caf~ejbmodule~persistence_srcarchive.zip" sub-type="EJBModule" type-vendor="sap.com" vendor="htwberlin.de.tr119">
<sourcefolder srcfolderpath="src/tr119/de/htwberlin/tr_119_product/bl/caf/modeled/bonode/tr_119_order/tr_119_order/">
<sourceelement path="tr119/de/htwberlin/tr_119_product/bl/caf/modeled/bonode/tr_119_order/tr_119_order/TR_119_OrderBO.java" zip-path="TR_119_OrderBO.java"/>
</sourcefolder>
</development-component>
<development-component component-type="J2EE" name="caf/core/ear" src-archive="sap.com~caf~core~ear~persistence_srcarchive.zip" sub-type="Enterprise Application" type-vendor="sap.com" vendor="sap.com">
<sourcefolder srcfolderpath="src/com/sap/caf/core/services/bonode/document/document/">
<sourceelement path="com/sap/caf/core/services/bonode/document/document/AssociationDocumentTorelatedObjectRefs.java" zip-path="AssociationDocumentTorelatedObjectRefs.java"/>
<sourceelement path="com/sap/caf/core/services/bonode/document/document/DocumentBO.java" zip-path="DocumentBO.java"/>
</sourcefolder>
<sourcefolder srcfolderpath="src/com/sap/caf/core/services/bonode/document/document/relatedobject/">
<sourceelement path="com/sap/caf/core/services/bonode/document/document/relatedobject/RelatedObjectBO.java" zip-path="RelatedObjectBO.java"/>
</sourcefolder>
</development-component>
</mapping>
